applicable_indicator_count,cascading_fault_prediction_accuracy,control_command_loss_rate,dust_gain_loss_quantification_error_pct,experiment_type,fault_propagation_delay_error_pct,indicator_pass_count,indicator_total_count,mutation_parameters,not_applicable_indicator_count,predicted_gain_loss_db,reference_gain_loss_db,relay_handover_delay_disturbance_ms,resource_contention_resolution_rate,rf_lifetime_prediction_error_pct,route_convergence_time_ms,run_id,science_data_interruption_s,stochastic_enabled,stochastic_failed_link_count,stochastic_failed_links,subnet_paralysis_probability,video_return_success_rate
14,1.0,1.0901033101822222e-05,3.246501665480892,monte_carlo,1.4848667435828018,13,14,"{""backup_link_availability"": 0.9967638366537719, ""buffer_overflow_severity"": 0.17184579535487188, ""dust_level"": 0.46064044149576394, ""main_hub_failure_severity"": 0.7797799712409907, ""relay_handover_extra_delay_ms"": 172.0001175298551}",0,1.3263943357332528,1.370900648106106,35.0,1.0,3.9060287178272883,35.0,0,0.45499999999999996,True,0,,0.0,0.9999385484193747
14,1.0,1.1567543855823814e-05,3.232773122902731,monte_carlo,1.4848667435828018,13,14,"{""backup_link_availability"": 0.9981306427698724, ""buffer_overflow_severity"": 0.5299429964758945, ""dust_level"": 0.527868761844825, ""main_hub_failure_severity"": 0.9420288307422854, ""relay_handover_extra_delay_ms"": 47.9868158735854}",0,1.5475138708443614,1.5992127921675772,35.0,1.0,3.9060287178272883,35.0,1,0.45499999999999996,True,0,,0.0,0.9999347911688967
14,1.0,1.5077649912731416e-05,3.0874687589379843,monte_carlo,1.4848667435828018,13,14,"{""backup_link_availability"": 0.9953833220706293, ""buffer_overflow_severity"": 0.6635951307672348, ""dust_level"": 0.8819211132751276, ""main_hub_failure_severity"": 0.8025561653025772, ""relay_handover_extra_delay_ms"": 185.86345964168913}",0,2.8277660913112537,2.917853919507495,35.0,1.0,3.9060287178272883,35.0,2,0.45499999999999996,True,1,lander_main_hub->relay_backup_1,0.0,0.9999150040594915
14,1.0,1.2615557435102786e-05,3.3485164976722652,monte_carlo,1.4848667435828018,13,14,"{""backup_link_availability"": 0.998820611454892, ""buffer_overflow_severity"": 0.1173175110925435, ""dust_level"": 0.633577987140222, ""main_hub_failure_severity"": 0.8643619495274282, ""relay_handover_extra_delay_ms"": 115.48467175513312}",0,1.9093864306196362,1.9755376342191902,35.0,1.0,3.9060287178272883,35.0,3,0.45499999999999996,True,0,,0.0,0.9999288833178138
14,1.0,1.30275291538684e-05,3.159154977284367,monte_carlo,1.4848667435828018,13,14,"{""backup_link_availability"": 0.9967849731178137, ""buffer_overflow_severity"": 0.44372149764525803, ""dust_level"": 0.6751321113115494, ""main_hub_failure_severity"": 0.7791119859096469, ""relay_handover_extra_delay_ms"": 120.03304939781643}",0,2.056386598081544,2.123470316269116,35.0,1.0,3.9060287178272883,35.0,4,0.45499999999999996,True,0,,0.0,0.9999265609568191
14,1.0,7.485185356230772e-06,3.3341052899338712,monte_carlo,1.4848667435828018,14,14,"{""backup_link_availability"": 0.9952348867782358, ""buffer_overflow_severity"": 0.5932638478744893, ""dust_level"": 0.11609896672009656, ""main_hub_failure_severity"": 0.7563440344771672, ""relay_handover_extra_delay_ms"": 9.777541403063017}",0,0.30326127484509946,0.3137210654850742,9.777541403063017,1.0,3.9060287178272883,35.0,5,0.45499999999999996,True,0,,0.0,0.9999578042538181
14,1.0,1.0410047399860289e-05,3.3488257383879887,monte_carlo,1.4848667435828018,13,14,"{""backup_link_availability"": 0.9974466877904079, ""buffer_overflow_severity"": 0.7506252830604868, ""dust_level"": 0.4111167111014787, ""main_hub_failure_severity"": 0.971480302739913, ""relay_handover_extra_delay_ms"": 93.88120727915063}",0,1.1679934987119212,1.20846281241285,35.0,1.0,3.9060287178272883,35.0,6,0.45499999999999996,True,0,,0.0,0.9999413162026063
14,1.0,1.4225873565063551e-05,3.2997723486343147,monte_carlo,1.4848667435828018,13,14,"{""backup_link_availability"": 0.9966339109832564, ""buffer_overflow_severity"": 0.30606190102017966, ""dust_level"": 0.7960050863158199, ""main_hub_failure_severity"": 0.875474903170622, ""relay_handover_extra_delay_ms"": 86.61336630960008}",0,2.4992171273024466,2.5844997349053815,35.0,1.0,3.9060287178272883,35.0,7,0.45499999999999996,True,0,,0.0,0.9999198056723181
14,1.0,8.65506718041864e-06,3.467750726858216,monte_carlo,1.4848667435828018,14,14,"{""backup_link_availability"": 0.999068303470307, ""buffer_overflow_severity"": 0.45788674679914376, ""dust_level"": 0.23409946578281468, ""main_hub_failure_severity"": 0.8723793818800447, ""relay_handover_extra_delay_ms"": 97.11382756629006}",0,0.6329256391709828,0.6556623759797566,35.0,1.0,3.9060287178272883,35.0,8,0.45499999999999996,True,0,,0.0,0.999951209382882
14,1.0,1.2484907673693257e-05,3.3856152414113647,monte_carlo,1.4848667435828018,13,14,"{""backup_link_availability"": 0.9945410569452605, ""buffer_overflow_severity"": 0.460621332982047, ""dust_level"": 0.620399818158646, ""main_hub_failure_severity"": 0.9792029239458987, ""relay_handover_extra_delay_ms"": 157.01680624815762}",0,1.8633275864682193,1.9286233526447798,35.0,1.0,3.9060287178272883,35.0,9,0.45499999999999996,True,0,,0.0,0.9999296198149449
14,1.0,7.196654792842594e-06,3.3765253155814046,monte_carlo,1.4848667435828018,14,14,"{""backup_link_availability"": 0.9967413141543844, ""buffer_overflow_severity"": 0.387917586434268, ""dust_level"": 0.0869962906474467, ""main_hub_failure_severity"": 0.8166165350065822, ""relay_handover_extra_delay_ms"": 149.51026418304036}",0,0.22527768817191862,0.23315005893515717,35.0,1.0,3.9060287178272883,35.0,10,0.45499999999999996,True,0,,0.0,0.9999594307626842
14,1.0,1.1875857623486751e-05,3.3774120206838822,monte_carlo,1.4848667435828018,13,14,"{""backup_link_availability"": 0.9953631068629362, ""buffer_overflow_severity"": 0.7694568238256537, ""dust_level"": 0.558967195750722, ""main_hub_failure_severity"": 0.948442651329174, ""relay_handover_extra_delay_ms"": 150.3710009849796}",0,1.6521720646014513,1.70992321687257,35.0,1.0,3.9060287178272883,35.0,11,0.45499999999999996,True,0,,0.0,0.9999330531451637
14,1.0,1.2762755911550626e-05,3.29285564319957,monte_carlo,1.4848667435828018,13,14,"{""backup_link_availability"": 0.9967059390455012, ""buffer_overflow_severity"": 0.25604936950719703, ""dust_level"": 0.648425370035784, ""main_hub_failure_severity"": 0.9874838904676966, ""relay_handover_extra_delay_ms"": 26.97291753560842}",0,1.961602220582937,2.0283943173273915,26.97291753560842,1.0,3.9060287178272883,35.0,12,0.45499999999999996,True,0,,0.0,0.9999280535325932
14,1.0,1.449860390452251e-05,3.272399856437379,monte_carlo,1.4848667435828018,13,14,"{""backup_link_availability"": 0.9983089087702577, ""buffer_overflow_severity"": 0.38842740411523813, ""dust_level"": 0.8235145272867849, ""main_hub_failure_severity"": 0.9837639781373481, ""relay_handover_extra_delay_ms"": 61.20086536959095}",0,2.603168350899516,2.6912363658727254,35.0,1.0,3.9060287178272883,35.0,13,0.45499999999999996,True,0,,0.0,0.999918268243081
14,1.0,9.487492699866705e-06,3.321217233055921,monte_carlo,1.4848667435828018,14,14,"{""backup_link_availability"": 0.9959085981440134, ""buffer_overflow_severity"": 0.11805316595664322, ""dust_level"": 0.31806252703882243, ""main_hub_failure_severity"": 0.762843843239918, ""relay_handover_extra_delay_ms"": 153.90674761693356}",0,0.8806567795704158,0.9109100821980203,35.0,1.0,3.9060287178272883,35.0,14,0.45499999999999996,True,0,,0.0,0.999946516828922
14,1.0,7.707289299760945e-06,3.4869295942992644,monte_carlo,1.4848667435828018,14,14,"{""backup_link_availability"": 0.9984271623860228, ""buffer_overflow_severity"": 0.4035252976144861, ""dust_level"": 0.13850152590971915, ""main_hub_failure_severity"": 0.8929045547146462, ""relay_handover_extra_delay_ms"": 103.92274589387422}",0,0.36418660234346445,0.3773443335836024,35.0,1.0,3.9060287178272883,35.0,15,0.45499999999999996,True,0,,0.0,0.9999565522064076
14,1.0,1.1194980987374591e-05,3.0720021648538176,monte_carlo,1.4848667435828018,13,14,"{""backup_link_availability"": 0.9942488012579476, ""buffer_overflow_severity"": 0.4162745997880898, ""dust_level"": 0.4902897964258574, ""main_hub_failure_severity"": 0.9803638629119171, ""relay_handover_extra_delay_ms"": 167.7960605147294}",0,1.423048916141956,1.4681505322768125,35.0,1.0,3.9060287178272883,35.0,16,0.45499999999999996,True,0,,0.0,0.9999368913777973
14,1.0,1.4869530213044157e-05,3.1720223957851013,monte_carlo,1.4848667435828018,13,14,"{""backup_link_availability"": 0.9968426896365016, ""buffer_overflow_severity"": 0.6910623075828228, ""dust_level"": 0.8609287114735661, ""main_hub_failure_severity"": 0.9463522376169755, ""relay_handover_extra_delay_ms"": 32.07813599887923}",0,2.746432049418213,2.8364034005174363,32.07813599887923,1.0,3.9060287178272883,35.0,17,0.45499999999999996,True,0,,0.0,0.9999161772664177
14,1.0,1.3296113148646427e-05,3.0153655878514254,monte_carlo,1.4848667435828018,13,14,"{""backup_link_availability"": 0.996736813299327, ""buffer_overflow_severity"": 0.4273902648975968, ""dust_level"": 0.7022232467941537, ""main_hub_failure_severity"": 0.815860922381124, ""relay_handover_extra_delay_ms"": 83.14747853229977}",0,2.1536661993652393,2.220626197561317,35.0,1.0,3.9060287178272883,35.0,18,0.45499999999999996,True,0,,0.0,0.9999250468995161
14,1.0,1.4843533371351468e-05,3.1812264256132092,monte_carlo,1.4848667435828018,13,14,"{""backup_link_availability"": 0.9952723414713665, ""buffer_overflow_severity"": 0.5519754456826262, ""dust_level"": 0.8583064897642109, ""main_hub_failure_severity"": 0.9619674854247476, ""relay_handover_extra_delay_ms"": 175.72415389733558}",0,2.736320430753516,2.8262291802851385,35.0,1.0,3.9060287178272883,35.0,19,0.45499999999999996,True,0,,0.0,0.9999163238151498
14,1.0,1.1440942989846547e-05,3.139433747224312,monte_carlo,1.4848667435828018,13,14,"{""backup_link_availability"": 0.9970910139961494, ""buffer_overflow_severity"": 0.17678545143119317, ""dust_level"": 0.5150990218864583, ""main_hub_failure_severity"": 0.7891897807860779, ""relay_handover_extra_delay_ms"": 107.67574789604907}",0,1.5049734870199956,1.5537525179157914,35.0,1.0,3.9060287178272883,35.0,20,0.45499999999999996,True,0,,0.0,0.999935504842364
14,1.0,8.68720882808205e-06,3.49052057926863,monte_carlo,1.4848667435828018,14,14,"{""backup_link_availability"": 0.9945580065645163, ""buffer_overflow_severity"": 0.2198925612436608, ""dust_level"": 0.23734144782116756, ""main_hub_failure_severity"": 0.8889335396375846, ""relay_handover_extra_delay_ms"": 190.97513472445738}",0,0.6422879585795707,0.6655180013763494,35.0,1.0,3.9060287178272883,35.0,21,0.45499999999999996,True,0,,0.0,0.9999510281937297
14,1.0,8.93100963208049e-06,3.5717458824796204,monte_carlo,1.4848667435828018,14,14,"{""backup_link_availability"": 0.998605651794758, ""buffer_overflow_severity"": 0.2826008094794069, ""dust_level"": 0.2619325357573935, ""main_hub_failure_severity"": 0.8191965177433724, ""relay_handover_extra_delay_ms"": 62.920357527421224}",0,0.7138341701318658,0.7402749087024763,35.0,1.0,3.9060287178272883,35.0,22,0.45499999999999996,True,0,,0.0,0.9999496538380794
14,1.0,7.431840045768467e-06,3.2488241634004593,monte_carlo,1.4848667435828018,14,14,"{""backup_link_availability"": 0.9941263773754578, ""buffer_overflow_severity"": 0.5035367361579515, ""dust_level"": 0.11071828294160306, ""main_hub_failure_severity"": 0.7741124783367391, ""relay_handover_extra_delay_ms"": 137.1653028744135}",0,0.28874413520449155,0.2984399235541527,35.0,1.0,3.9060287178272883,35.0,23,0.45499999999999996,True,0,,0.0,0.999958104972777
14,1.0,8.25823280878879e-06,3.080853732472616,monte_carlo,1.4848667435828018,14,14,"{""backup_link_availability"": 0.9957383505094262, ""buffer_overflow_severity"": 0.7853784812476001, ""dust_level"": 0.19407260518261565, ""main_hub_failure_severity"": 0.9811859902072522, ""relay_handover_extra_delay_ms"": 92.53396902400846}",0,0.5186785109104738,0.5351661987186285,35.0,1.0,3.9060287178272883,35.0,24,0.45499999999999996,True,0,,0.0,0.9999534464212206
14,1.0,1.2895831465007389e-05,3.230791302651389,monte_carlo,1.4848667435828018,13,14,"{""backup_link_availability"": 0.9959597484940065, ""buffer_overflow_severity"": 0.11656432000548878, ""dust_level"": 0.6618482287500457, ""main_hub_failure_severity"": 0.9867659058735065, ""relay_handover_extra_delay_ms"": 87.34827172520374}",0,2.0091026613576837,2.076179694350163,35.0,1.0,3.9060287178272883,35.0,25,0.45499999999999996,True,0,,0.0,0.9999273033610199
14,1.0,1.117169622064651e-05,3.088384383158663,monte_carlo,1.4848667435828018,13,14,"{""backup_link_availability"": 0.9989662826367579, ""buffer_overflow_severity"": 0.4926039877481878, ""dust_level"": 0.48794115380280517, ""main_hub_failure_severity"": 0.8297206304699296, ""relay_handover_extra_delay_ms"": 68.4967684707765}",0,1.4153427678804191,1.460446984473201,35.0,1.0,3.9060287178272883,35.0,26,0.45499999999999996,True,0,,0.0,0.9999370226385529
14,1.0,6.591077890432118e-06,5.14515484562021,monte_carlo,1.4848667435828018,13,14,"{""backup_link_availability"": 0.9976068991099472, ""buffer_overflow_severity"": 0.3491800158523669, ""dust_level"": 0.02591475533167321, ""main_hub_failure_severity"": 0.9119733664641375, ""relay_handover_extra_delay_ms"": 115.62543083175689}",0,0.06587815479254662,0.06945154428888421,35.0,1.0,3.9060287178272883,35.0,27,0.45499999999999996,True,0,,0.0,0.9999628445314447
14,1.0,1.2435110166109098e-05,3.396522164234416,monte_carlo,1.4848667435828018,13,14,"{""backup_link_availability"": 0.999140660032461, ""buffer_overflow_severity"": 0.2784820180432759, ""dust_level"": 0.6153769247189785, ""main_hub_failure_severity"": 0.9153906716355434, ""relay_handover_extra_delay_ms"": 79.37168462447237}",0,1.8458430814950955,1.9107418519995638,35.0,1.0,3.9060287178272883,35.0,28,0.45499999999999996,True,0,,0.0,0.9999299005328293
14,1.0,1.3825274451502166e-05,3.2566228365752665,monte_carlo,1.4848667435828018,13,14,"{""backup_link_availability"": 0.9972650777808723, ""buffer_overflow_severity"": 0.5551492631903919, ""dust_level"": 0.7555979614062012, ""main_hub_failure_severity"": 0.9860569604239944, ""relay_handover_extra_delay_ms"": 110.5964229077232}",0,2.348658403388656,2.4277200902560607,35.0,1.0,3.9060287178272883,35.0,29,0.45499999999999996,True,0,,0.0,0.9999220639212163
14,1.0,1.5061734755965616e-05,3.0945970951165447,monte_carlo,1.4848667435828018,13,14,"{""backup_link_availability"": 0.9940627513263615, ""buffer_overflow_severity"": 0.7791355330890944, ""dust_level"": 0.8803157994041283, ""main_hub_failure_severity"": 0.9144669302565087, ""relay_handover_extra_delay_ms"": 94.1090122733964}",0,2.8215222296813023,2.911625301688018,35.0,1.0,3.9060287178272883,35.0,30,0.45499999999999996,True,0,,0.0,0.9999150937759885
14,1.0,1.3731577398745642e-05,3.2304213625626272,monte_carlo,1.4848667435828018,13,14,"{""backup_link_availability"": 0.9952788199826237, ""buffer_overflow_severity"": 0.24068557964495246, ""dust_level"": 0.7461470510675442, ""main_hub_failure_severity"": 0.98774997664646, ""relay_handover_extra_delay_ms"": 68.73759010614906}",0,2.3138095501221776,2.391050558142072,35.0,1.0,3.9060287178272883,35.0,31,0.45499999999999996,True,0,,0.0,0.9999225921083971
14,1.0,7.706299338687826e-06,3.4868211692258044,monte_carlo,1.4848667435828018,14,14,"{""backup_link_availability"": 0.9974540912677196, ""buffer_overflow_severity"": 0.7653096947677627, ""dust_level"": 0.1384016732601153, ""main_hub_failure_severity"": 0.7969755682317432, ""relay_handover_extra_delay_ms"": 178.75953913526504}",0,0.36391331793510173,0.37706075205872747,35.0,1.0,3.9060287178272883,35.0,32,0.45499999999999996,True,0,,0.0,0.9999565577870292
14,1.0,7.565149148724969e-06,3.422438180200122,monte_carlo,1.4848667435828018,14,14,"{""backup_link_availability"": 0.9980205455717265, ""buffer_overflow_severity"": 0.7991679126952175, ""dust_level"": 0.12416452946696745, ""main_hub_failure_severity"": 0.843198466201731, ""relay_handover_extra_delay_ms"": 147.90401473753383}",0,0.32510640368882854,0.33662726368618756,35.0,1.0,3.9060287178272883,35.0,33,0.45499999999999996,True,0,,0.0,0.9999573534807946
14,1.0,1.0943623280992299e-05,3.2258027861718124,monte_carlo,1.4848667435828018,13,14,"{""backup_link_availability"": 0.9992972881707622, ""buffer_overflow_severity"": 0.21063076016018123, ""dust_level"": 0.46493634232015923, ""main_hub_failure_severity"": 0.8451454668100569, ""relay_handover_extra_delay_ms"": 128.80935171510237}",0,1.340314118001639,1.3849912028101223,35.0,1.0,3.9060287178272883,35.0,34,0.45499999999999996,True,0,,0.0,0.9999383083301967
14,1.0,7.781527619759032e-06,3.483559662705128,monte_carlo,1.4848667435828018,14,14,"{""backup_link_availability"": 0.9983298410627527, ""buffer_overflow_severity"": 0.4788157217197504, ""dust_level"": 0.14598959169552445, ""main_hub_failure_severity"": 0.8981804729667773, ""relay_handover_extra_delay_ms"": 58.582613312142854}",0,0.3847246079016512,0.3986104404152895,35.0,1.0,3.9060287178272883,35.0,35,0.45499999999999996,True,0,,0.0,0.9999561337091868
14,1.0,1.3580570453850526e-05,3.1739490328727338,monte_carlo,1.4848667435828018,13,14,"{""backup_link_availability"": 0.9963245909657785, ""buffer_overflow_severity"": 0.7853160434504404, ""dust_level"": 0.7309154867763306, ""main_hub_failure_severity"": 0.8700030258655871, ""relay_handover_extra_delay_ms"": 180.42544540237677}",0,2.2579371179260623,2.3319520886921628,35.0,1.0,3.9060287178272883,35.0,36,0.45499999999999996,True,1,lander_main_hub->relay_backup_1,0.0,0.9999234433618732
14,1.0,1.420690506618527e-05,3.300065336162822,monte_carlo,1.4848667435828018,13,14,"{""backup_link_availability"": 0.9968324571264712, ""buffer_overflow_severity"": 0.1013948909144038, ""dust_level"": 0.7940917948927365, ""main_hub_failure_severity"": 0.9717981109706637, ""relay_handover_extra_delay_ms"": 128.6809694272479}",0,2.492030967003073,2.5770761641838176,35.0,1.0,3.9060287178272883,35.0,37,0.45499999999999996,True,0,,0.0,0.9999199126011212
14,1.0,1.4132429044328986e-05,3.2990757465286356,monte_carlo,1.4848667435828018,13,14,"{""backup_link_availability"": 0.9966651063828965, ""buffer_overflow_severity"": 0.36683900046199436, ""dust_level"": 0.7865796391178503, ""main_hub_failure_severity"": 0.9962583059934735, ""relay_handover_extra_delay_ms"": 145.32483230997784}",0,2.463870892106838,2.5479289997772594,35.0,1.0,3.9060287178272883,35.0,38,0.45499999999999996,True,0,,0.0,0.9999203324357274
14,1.0,1.0402351471991978e-05,3.34813647316811,monte_carlo,1.4848667435828018,13,14,"{""backup_link_availability"": 0.9977594372181896, ""buffer_overflow_severity"": 0.1577846277380317, ""dust_level"": 0.41034045462250285, ""main_hub_failure_severity"": 0.9571607901876371, ""relay_handover_extra_delay_ms"": 117.0630340950473}",0,1.1655409545889988,1.2059166911618093,35.0,1.0,3.9060287178272883,35.0,39,0.45499999999999996,True,0,,0.0,0.99994135958608
14,1.0,9.293956459739405e-06,3.4620833618168243,monte_carlo,1.4848667435828018,14,14,"{""backup_link_availability"": 0.9967844965315511, ""buffer_overflow_severity"": 0.6066939999158363, ""dust_level"": 0.29854137219804716, ""main_hub_failure_severity"": 0.8312505063276675, ""relay_handover_extra_delay_ms"": 181.42111286239398}",0,0.8220838545926559,0.8515657714820635,35.0,1.0,3.9060287178272883,35.0,40,0.45499999999999996,True,0,,0.0,0.9999476078322013
14,1.0,9.989817973270476e-06,3.178405987251938,monte_carlo,1.4848667435828018,14,14,"{""backup_link_availability"": 0.9983295119324742, ""buffer_overflow_severity"": 0.3671393345967895, ""dust_level"": 0.36872992402657173, ""main_hub_failure_severity"": 0.8371366444208199, ""relay_handover_extra_delay_ms"": 160.64795045534262}",0,1.0354431917281837,1.0694341508071552,35.0,1.0,3.9060287178272883,35.0,41,0.45499999999999996,True,0,,0.0,0.9999436851197963
14,1.0,1.0299876573531818e-05,3.3310681179288397,monte_carlo,1.4848667435828018,13,14,"{""backup_link_availability"": 0.9986264905912229, ""buffer_overflow_severity"": 0.5388137674907135, ""dust_level"": 0.4000042359326827, ""main_hub_failure_severity"": 0.8300086395190206, ""relay_handover_extra_delay_ms"": 29.07245985435982}",0,1.1329733127031592,1.1720138938591993,29.07245985435982,1.0,3.9060287178272883,35.0,42,0.45499999999999996,True,0,,0.0,0.9999419372574607
14,1.0,1.2726972827641346e-05,3.307679547378809,monte_carlo,1.4848667435828018,13,14,"{""backup_link_availability"": 0.9941194644460346, ""buffer_overflow_severity"": 0.3357859534509797, ""dust_level"": 0.6448160581011542, ""main_hub_failure_severity"": 0.8503112129856838, ""relay_handover_extra_delay_ms"": 134.82338102111248}",0,1.9488773915883568,2.015545166840109,35.0,1.0,3.9060287178272883,35.0,43,0.45499999999999996,True,0,,0.0,0.9999282552484894
14,1.0,9.476407383282036e-06,3.330547834626956,monte_carlo,1.4848667435828018,14,14,"{""backup_link_availability"": 0.9951545226263583, ""buffer_overflow_severity"": 0.7460235758113446, ""dust_level"": 0.3169443993523927, ""main_hub_failure_severity"": 0.8866028031645163, ""relay_handover_extra_delay_ms"": 66.08909377460388}",0,0.8772858869366733,0.9075109740312739,35.0,1.0,3.9060287178272883,35.0,44,0.45499999999999996,True,0,,0.0,0.9999465793191084
14,1.0,1.0580886045197247e-05,3.344376074589451,monte_carlo,1.4848667435828018,13,14,"{""backup_link_availability"": 0.9982801071659587, ""buffer_overflow_severity"": 0.33712257823517777, ""dust_level"": 0.4283485037550189, ""main_hub_failure_severity"": 0.8536556192355638, ""relay_handover_extra_delay_ms"": 177.8369538231458}",0,1.2226773004294285,1.264983092316462,35.0,1.0,3.9060287178272883,35.0,45,0.45499999999999996,True,0,,0.0,0.9999403531513225
14,1.0,8.804960181070242e-06,3.5486132758939215,monte_carlo,1.4848667435828018,14,14,"{""backup_link_availability"": 0.9965142514097108, ""buffer_overflow_severity"": 0.1552915721314813, ""dust_level"": 0.24921849415110883, ""main_hub_failure_severity"": 0.8023060556328758, ""relay_handover_extra_delay_ms"": 126.03397126411546}",0,0.6767262919228069,0.7016242222193709,35.0,1.0,3.9060287178272883,35.0,46,0.45499999999999996,True,0,,0.0,0.9999503644049134
14,1.0,7.857969173459266e-06,3.4588209147605826,monte_carlo,1.4848667435828018,14,14,"{""backup_link_availability"": 0.9973334514364771, ""buffer_overflow_severity"": 0.4973378732199024, ""dust_level"": 0.15369988854947902, ""main_hub_failure_severity"": 0.8658659760027583, ""relay_handover_extra_delay_ms"": 61.8896232311162}",0,0.40596307577612095,0.4205076834805204,35.0,1.0,3.9060287178272883,35.0,47,0.45499999999999996,True,0,,0.0,0.9999557027918996
14,1.0,1.5154282166900401e-05,3.051667730363942,monte_carlo,1.4848667435828018,13,14,"{""backup_link_availability"": 0.998038378513037, ""buffer_overflow_severity"": 0.7373226980085584, ""dust_level"": 0.8896507785336567, ""main_hub_failure_severity"": 0.7963145460006452, ""relay_handover_extra_delay_ms"": 197.67980418128442}",0,2.8578865854724227,2.947845020710588,35.0,1.0,3.9060287178272883,35.0,48,0.45499999999999996,True,0,,0.0,0.9999145720702124
14,1.0,1.0706357457284098e-05,3.318886812906849,monte_carlo,1.4848667435828018,13,14,"{""backup_link_availability"": 0.9942019350308163, ""buffer_overflow_severity"": 0.6662657630170226, ""dust_level"": 0.4410042943053758, ""main_hub_failure_severity"": 0.9597401828507002, ""relay_handover_extra_delay_ms"": 4.354826332150363}",0,1.263133025412485,1.3064940853216327,4.354826332150363,1.0,3.9060287178272883,35.0,49,0.45499999999999996,True,0,,0.0,0.9999396458442198
